id,pattern,atoms,num_rows_dict,domain_size_dict,dist_type_dict,output_dir,seed
Uniform0,path3,"[('R', ('a', 'b')), ('S', ('b', 'c')), ('T', ('c', 'd'))]","{'R': 10, 'S': 10, 'T': 10}","{'a': 10, 'b': 10, 'c': 10, 'd': 10}","{'a': ('uniform',), 'b': ('uniform',), 'c': ('uniform',), 'd': ('uniform',)}",synthetic_data/full_path3_uniform_sparse1,11
Uniform1,path3,"[('R', ('a', 'b')), ('S', ('b', 'c')), ('T', ('c', 'd'))]","{'R': 100, 'S': 100, 'T': 100}","{'a': 100, 'b': 100, 'c': 100, 'd': 100}","{'a': ('uniform',), 'b': ('uniform',), 'c': ('uniform',), 'd': ('uniform',)}",synthetic_data/full_path3_uniform_sparse1,11
Uniform2,path3,"[('R', ('a', 'b')), ('S', ('b', 'c')), ('T', ('c', 'd'))]","{'R': 1000, 'S': 1000, 'T': 1000}","{'a': 1000, 'b': 1000, 'c': 1000, 'd': 1000}","{'a': ('uniform',), 'b': ('uniform',), 'c': ('uniform',), 'd': ('uniform',)}",synthetic_data/full_path3_uniform_sparse1,11
Uniform3,path3,"[('R', ('a', 'b')), ('S', ('b', 'c')), ('T', ('c', 'd'))]","{'R': 5000, 'S': 5000, 'T': 5000}","{'a': 5000, 'b': 5000, 'c': 5000, 'd': 5000}","{'a': ('uniform',), 'b': ('uniform',), 'c': ('uniform',), 'd': ('uniform',)}",synthetic_data/full_path3_uniform_sparse1,11
Uniform4,path3,"[('R', ('a', 'b')), ('S', ('b', 'c')), ('T', ('c', 'd'))]","{'R': 10000, 'S': 10000, 'T': 10000}","{'a': 10000, 'b': 10000, 'c': 10000, 'd': 10000}","{'a': ('uniform',), 'b': ('uniform',), 'c': ('uniform',), 'd': ('uniform',)}",synthetic_data/full_path3_uniform_sparse1,11
Uniform5,path3,"[('R', ('a', 'b')), ('S', ('b', 'c')), ('T', ('c', 'd'))]","{'R': 50000, 'S': 50000, 'T': 50000}","{'a': 50000, 'b': 50000, 'c': 50000, 'd': 50000}","{'a': ('uniform',), 'b': ('uniform',), 'c': ('uniform',), 'd': ('uniform',)}",synthetic_data/full_path3_uniform_sparse1,11
Uniform6,path3,"[('R', ('a', 'b')), ('S', ('b', 'c')), ('T', ('c', 'd'))]","{'R': 100000, 'S': 100000, 'T': 100000}","{'a': 100000, 'b': 100000, 'c': 100000, 'd': 100000}","{'a': ('uniform',), 'b': ('uniform',), 'c': ('uniform',), 'd': ('uniform',)}",synthetic_data/full_path3_uniform_sparse1,11
Uniform7,path3,"[('R', ('a', 'b')), ('S', ('b', 'c')), ('T', ('c', 'd'))]","{'R': 500000, 'S': 500000, 'T': 500000}","{'a': 500000, 'b': 500000, 'c': 500000, 'd': 500000}","{'a': ('uniform',), 'b': ('uniform',), 'c': ('uniform',), 'd': ('uniform',)}",synthetic_data/full_path3_uniform_sparse1,11
Uniform8,path3,"[('R', ('a', 'b')), ('S', ('b', 'c')), ('T', ('c', 'd'))]","{'R': 1000000, 'S': 1000000, 'T': 1000000}","{'a': 1000000, 'b': 1000000, 'c': 1000000, 'd': 1000000}","{'a': ('uniform',), 'b': ('uniform',), 'c': ('uniform',), 'd': ('uniform',)}",synthetic_data/full_path3_uniform_sparse1,11
